patent_id,title,authors,abstract,detail_url,application_no,publication_no,registration_no,application_date,publication_date,registration_date,ipc,pdf_links,score,matched_keywords
P54481,放射線検出装置、放射線検出方法、放射性微粒子検出装置,"坪田 陽一 ; Laffolley, H. ; 佐川 直貴 ; 中村 博樹 ; 鈴木 政浩; not registered",【課題】β線を検出する際に、γ線を弁別できる放射線検出装置を得る。 【解決手段】まず、一定時間内における放射線検出器10の測定結果(検出結果)が得られ(S11:測定工程)、この結果が記憶部に記憶される。発光の検出が認められた画素の連続体として検出パターンが複数認識される(S13:検出パターン認識工程)。まず、一つの検出パターンが選択され、これに含まれる画素における出力(パルス高)の和から、この検出パターン中で吸収されたエネルギーが算出される(S14)。解析部31は、このエネルギーと、前記のように検出パターンから算出された特徴量((「広がり」、「かたさ」、「離心率」)から、この検出パターンがα線、β線、γ線のどれによって形成されたかを判定する(S15:識別工程)。,https://jopss.jaea.go.jp/search/servlet/search?P54481,2024-176933,2026-067469,,2024/10/09,2026/04/21,,G01T 1/167(2006.01):G01T 1/36 (2006.01):G01T 1/24 (2006.01):G01T 1/20 (2006.01),https://jopss.jaea.go.jp/pdfdata/P1/P54481A.pdf,14,"パターン認識, 特徴量, 認識, 識別"
P53940,海洋ロボットの制御装置、海洋ロボット、海洋ロボットの制御方法、および海洋ロボットの制御プログラム,眞田 幸尚; 田原 淳一郎* ; 藤井 竣* ; 馬場尚一郎*,【課題】外乱が大きい場合であっても、海洋ロボットの位置を精度よく保持すること。 【解決手段】第1の推進器および第2の推進器を有する推進機構を備える海洋ロボットを制御する制御装置であって、海洋ロボットの目標位置および現在位置を含む位置情報を取得する情報取得部と、位置情報に基づいて切換関数を生成し、海洋ロボットの現在位置が目標位置に一致するようにスライディングモード制御を行うためのスライディングモード制御値を生成するスライディングモード制御部と、位置情報および切換関数に基づいて、海洋ロボットの現在位置が目標位置に一致するようにニューラルネットワーク制御を行うためのニューラルネットワーク制御値を生成するニューラルネットワーク制御部と、スライディングモード制御値およびニューラルネットワーク制御値に基づいて推進機構に入力される制御入力を生成する制御入力生成部とを備える。,https://jopss.jaea.go.jp/search/servlet/search?P53940,2023-179160,2025-068999,,2023/10/17,2025/04/30,,B63H 25/42 (2006.01):B63J 99/00 (2009.01):B63H 21/21 (2006.01):G05B 13/00 (2006.01):G05D 1/611(2024.01):G05D 1/43 (2024.01),https://jopss.jaea.go.jp/pdfdata/P1/P53940A.pdf,7,"ニューラルネットワーク, ロボット"
P53400,化合物同定方法及び化合物同定装置,阿部 雄太; 川上 智彦* ; 藤本 勝成* ; 横田 裕海*,【課題】未知試料に含まれる金属元素や化合物を分類・推定する方法を提供する。 【解決手段】本発明である化合物同定方法は、想定される化合物種の標準試料についてスペクトルデータを因子分解して因子及び前記因子の影響度を表す因子スコアを導出し、前記化合物種を決定木において前記因子スコアで分類するためのスコア閾値及び前記因子スコアを前記決定木にかける因子適用順を予め学習・設定しておき、未知試料のスペクトルデータに対して前記標準試料の因子を用いて前記未知試料における因子スコアを算出し、前記因子適用順にしたがって前記決定木で前記未知試料の因子スコアを前記スコア閾値によって分類していくことにより、前記未知試料に含まれる化合物種を同定する、ことを特徴とする。,https://jopss.jaea.go.jp/search/servlet/search?P53400,2022-057807,2023-149303,7780757,2022/03/31,2023/10/13,2025/11/27,G01N 21/71 (2006.01),https://jopss.jaea.go.jp/pdfdata/P1/P53400A.pdf | https://jopss.jaea.go.jp/pdfdata/P1/P53400A.pdf | https://jopss.jaea.go.jp/pdfdata/P2/P53400B.pdf,6,"分類, 学習, 推定"
P54220,RADIATION DETECTION DEVICE,北山 佳治; 人見 啓太朗* ; 野上 光博*,"A radiation detection device is provided that is wide in visual field, wide in application range of radiation energy, and which is smaller and lighter in weight as compared to other devices. The device includes a detecting element group has a plurality of detecting elements that detect radiation are three-dimensionally arranged. The detecting element group has a structure with a depletion formed by removing the detecting element at any position from a virtual detecting element group in which the detecting elements are laid out on any virtual surface. The depletion is provided at a position at which a difference of detected values between one detecting element and another detecting element arranged along any direction exhibits different values in a case where the radiation having the direction as an incident direction enters and a case where the radiation having an opposite direction of the direction as an incident direction enters.",https://jopss.jaea.go.jp/search/servlet/search?P54220,18/410450,US2024/0248219 A1,,2024/01/11,2024/07/25,,G01T 1/29 (2006.01):G01T 7/00 (2006.01),https://jopss.jaea.go.jp/pdfdata/P1/P54220A.pdf,5,ai
P54005,CARBON STRUCTURE,勅使河原 誠 ; 猿田 晃一; 村松 一生* ; 池田 裕二郎* ; 大竹 淑恵* ; 岩田 英里* ; 高橋 一馬* ; 須谷 康一*,"Provided is a carbon structure having a three-dimensional shape containing nano-carbon structures, wherein the nano-carbon structures have at least one structure from among a petal-like structure, in which flaky carbon having a graphene framework and a thickness of less than 20 nm is fixed in a petal-like shape, and an uneven structure formed by a collection of seed-like structures having a size of 1 to 100 nm. The carbon structure has favorable shapability and excellent durability in high radiation fields, and is effective as a reflective material for cold neutrons and very cold neutrons, the reflective material being capable of increasing the strength of the cold neutrons and very cold neutrons by coherent scattering.",https://jopss.jaea.go.jp/search/servlet/search?P54005,23874741.4,WO 2024/075614,,2023/09/27,2024/04/11,,C01B 32/15(2017.01):G01N 23/02(2006.01):G01N 23/05(2006.01),https://jopss.jaea.go.jp/pdfdata/P1/P54005A.pdf,5,ai
P54004,CARBON STRUCTURE,勅使河原 誠 ; 猿田 晃一; 村松 一生* ; 池田 裕二郎* ; 大竹 淑恵* ; 岩田 英里* ; 高橋 一馬* ; 須谷 康一*,"Provided is a carbon structure having a three-dimensional shape containing nano-carbon structures, wherein the nano-carbon structures have at least one structure from among a petal-like structure, in which flaky carbon having a graphene framework and a thickness of less than 20 nm is fixed in a petal-like shape, and an uneven structure formed by a collection of seed-like structures having a size of 1 to 100 nm. The carbon structure has favorable shapability and excellent durability in high radiation fields, and is effective as a reflective material for cold neutrons and very cold neutrons, the reflective material being capable of increasing the strength of the cold neutrons and very cold neutrons by coherent scattering.",https://jopss.jaea.go.jp/search/servlet/search?P54004,"19/115,022",WO 2024/075614,,2023/09/27,2024/04/11,,C01B 32/15(2017.01):G01N 23/02(2006.01):G01N 23/05(2006.01),https://jopss.jaea.go.jp/pdfdata/P1/P54004A.pdf,5,ai
P54006,CARBON STRUCTURE,勅使河原 誠 ; 猿田 晃一; 村松 一生* ; 池田 裕二郎* ; 大竹 淑恵* ; 岩田 英里* ; 高橋 一馬* ; 須谷 康一*,"Provided is a carbon structure having a three-dimensional shape containing nano-carbon structures, wherein the nano-carbon structures have at least one structure from among a petal-like structure, in which flaky carbon having a graphene framework and a thickness of less than 20 nm is fixed in a petal-like shape, and an uneven structure formed by a collection of seed-like structures having a size of 1 to 100 nm. The carbon structure has favorable shapability and excellent durability in high radiation fields, and is effective as a reflective material for cold neutrons and very cold neutrons, the reflective material being capable of increasing the strength of the cold neutrons and very cold neutrons by coherent scattering.",https://jopss.jaea.go.jp/search/servlet/search?P54006,202380067536.2,WO 2024/075614,,2023/09/27,2024/04/11,,C01B 32/15(2017.01):G01N 23/02(2006.01):G01N 23/05(2006.01),https://jopss.jaea.go.jp/pdfdata/P1/P54006A.pdf,5,ai
P53464,中性子検出器,"伊藤 史哲 ; Lee, J. ; 弘中 浩太 ; 小泉 光生; not registered","To obtain a neutron detector capable of measuring high dose neutrons with high neutron/gamma-ray discrimination ability and high efficiency. A scintillator 10 has a layered structure in which a phosphor layer 11 and a light transmission layer 12 are alternatelylaminatedin z direction. The phosphor layer 11 is made of a phosphor material emitting fluorescent light by absorbing neutrons, the material being, for example, a scintillator material used in neutron detectors having alreadybeen known. The light transmission layer 12 is made of a material highly transmitting fluorescent light emitted by the phosphor materialand only slightlyabsorbingneutrons. In the scintillator 10, when neutrons and gamma-ray photons enter it, luminescence intensity (pulse height) due to neutrons is significantly different from that due to gamma-ray photons. It makes it easy to discriminate between outputs due to the two kinds of radiations.",https://jopss.jaea.go.jp/search/servlet/search?P53464,18/086818,2023/0228890,12196899,2022/12/22,2023/07/20,2025/01/14,G01T 3/06 (2006.01):G01T 3/02 (2006.01),https://jopss.jaea.go.jp/pdfdata/P1/P53464A.pdf | https://jopss.jaea.go.jp/pdfdata/P1/P53464A.pdf | https://jopss.jaea.go.jp/pdfdata/P2/P53464B.pdf,5,ai
P53263,電子デバイス、その製造方法及びその使用方法,家田 淳一; 竹内 祐太朗* ; 深見 俊輔* ; 山根 結太* ; Yoon J.-Y.* ; 陣内 佛霖* ; 金井 駿* ; 大野 英男*,"The purpose of the present invention is to provide a digital device for which an external magnetic field in unnecessary, which can be used as a memory element and random number generation element capable of outputting a comparatively large reading signal, and which can also be used as an oscillation/detection element having output/input frequency variability. Provided is a digital device characterized by comprising a main body, an input terminal, and an output terminal, wherein: the main body is configured by laminating a spin torque generation layer and a non-collinear antiferromagnetic layer in this order on a substrate, or in the reverse order in the stacking direction; the input terminal is disposed on both ends in an arbitrary direction parallel to the lamination surface of the spin torque generation layer; and the non-collinear antiferromagnetic layer has a non-collinear magnetic order in the plane formed by the arbitrary direction and the stacking direction.",https://jopss.jaea.go.jp/search/servlet/search?P53263,111110073,202244923,I922630,2022/03/18,2022/11/16,2026/04/21,G11C 11/16 (2006.01):G11C 11/02 (2006.01):H01L 43/00 (2006.01),https://jopss.jaea.go.jp/pdfdata/P1/P53263A.pdf,5,ai
P53228,液液系多段装置及びそれを用いた特定物質の製造方法,長縄 弘親 ; 永野 哲志 ; 鈴木 英哉; not registered,"DISPOSITIVO DE MULTIPLOS ESTAGIOS DE TIPO LIQUIDO-LIQUIDO E METODO DE PRODUCAO DE SUBSTANCIAS ESPECIFICAS QUE USA O MESMO. A presente invencao refere-se a dispositivo de multiplos estagios usado em um sistema de liquido-liquido que compreende duas fases liquidas que nao se misturam, no qual a posicao da interface (interface liquido-liquido) de uma fase liquida pesada e de uma fase liquida leve nao flutua ou e mesmo suprimida e um metodo de producao de uma substancia especifica que usa o mesmo. Um dispositivo que tem um corpo conectado de uma pluralidade de recipientes adjacentes ou dois ou mais estagios instalados em um recipiente de peca unica no qual uma pluralidade de divisorias e colocada dentro do mesmo, e um metodo de producao de uma substancia especifica que usa o mesmo. ・・・",https://jopss.jaea.go.jp/search/servlet/search?P53228,BR102022005725-7,BR102022005725-7,,2022/03/25,2022/10/25,,B01D 11/04,https://jopss.jaea.go.jp/pdfdata/P1/P53228A.pdf,5,ai
P53226,液液系多段装置及びそれを用いた特定物質の製造方法,長縄 弘親 ; 永野 哲志 ; 鈴木 英哉; not registered,"[PROBLEMS] To provide a multistage apparatus used in a liquid-liquid system comprising two liquid phases that do not mix with each other, in which the position of the interface (liquid-liquid interface) of a heavy liquid phase and a light liquid does not fluctuate or else is suppressed, and a method of producing a specific substance using it. [SOLVING MEANS] An apparatus having a connected body of a plurality of adjacent containers or two or more stages installed in a single-piece container in which a plurality of partitions are arranged inside thereof, and a method of producing a specific substance using it. The multistage extraction is performed so as that the position of the interface (liquid-liquid interface) of a heavy liquid phase and a light liquid does not fluctuate or else is suppressed, by using the mechanism in which only the heavy liquid phase communicates in the lower part of the container, ・・・",https://jopss.jaea.go.jp/search/servlet/search?P53226,17/703722,2022/0331751,,2022/03/24,2022/10/20,,B01F 23/41 (2006.01):B01F 23/43 (2006.01):B01F 23/451(2006.01),https://jopss.jaea.go.jp/pdfdata/P1/P53226A.pdf,5,ai
P53230,水素同位体濃縮装置,保田 諭 ; 朝岡 秀人; 松島 永佳*,"To obtain deuterium in a gas state from a mixed gas of hydrogen and deuterium at a low cost. A first electrode 11 is an electrode made of a metal allowing hydrogen (H component and D component) to permeate therethrough (hydrogen permeable metal), and the hydrogen permeable metal is Pd, for example. H ions and D ions having permeated through the first electrode 11 flow to the side of a second electrode 12 in a proton conduction layer 20. When the first electrode 11 is used as an anode and the second electrode 12 as a cathode, H ions and D ions flow in the proton conduction layer 20 from the left to the right in the drawing. In that case, hydrogen component in an input gas is more likely to flow into an atmosphere on the cathode side than deuterium component, and an H/D composition ratio accordingly becomes higher in a product gas than in the input gas. In an exhaust gas extracted after H and D components in the input gas are thus consumed, D component has been enriched.",https://jopss.jaea.go.jp/search/servlet/search?P53230,17/691807,2022/0288532,12533634,2022/03/10,2022/09/15,2026/01/27,B01D 59/40 (2006.01):C01B 3/58 (2006.01):H01M 4/86 (2006.01):H01M 4/88 (2006.01):H01M 4/92 (2006.01):H01M 16/00 (2006.01),https://jopss.jaea.go.jp/pdfdata/P1/P53230A.pdf | https://jopss.jaea.go.jp/pdfdata/P1/P53230A.pdf | https://jopss.jaea.go.jp/pdfdata/P2/P53230B.pdf,5,ai
P53231,水素同位体濃縮装置,保田 諭 ; 朝岡 秀人; 松島 永佳*,"To obtain deuterium in a gas state from a mixed gas of hydrogen and deuterium at a low cost. A first electrode 11 is an electrode made of a metal allowing hydrogen (H component and D component) to permeate therethrough (hydrogen permeable metal), and the hydrogen permeable metal is Pd, for example. H ions and D ions having permeated through the first electrode 11 flow to the side of a second electrode 12 in a proton conduction layer 20. When the first electrode 11 is used as an anode and the second electrode 12 as a cathode, H ions and D ions flow in the proton conduction layer 20 from the left to the right in the drawing. In that case, hydrogen component in an input gas is more likely to flow into an atmosphere on the cathode side than deuterium component, and an H/D composition ratio accordingly becomes higher in a product gas than in the input gas. In an exhaust gas extracted after H and D components in the input gas are thus consumed, D component has been enriched.",https://jopss.jaea.go.jp/search/servlet/search?P53231,3151601,3151601,,2022/03/10,2022/09/12,,B01D 59/38 (2006.01):H01M 8/0662(2016.01):H01M 8/1004(2016.01),https://jopss.jaea.go.jp/pdfdata/P1/P53231A.pdf,5,ai
P53221,薄膜インダクタ素子及び薄膜可変インダクタ素子,家田 淳一; 山根 結太* ; 深見 俊輔*,"The purpose of the present invention is to provide a thin film inductor element which utilizes a novel emergent electromagnetic field that does not have much difficulty in selecting materials, while not having high temperature dependence. A thin film inductor element that is characterized by comprising a multilayer film, in which a magnetic layer and a non-magnetic layer or an antiferromagnetic layer are stacked, and a pair of electrodes, while being also characterized in that: the magnetic layer and the non-magnetic layer or the antiferromagnetic layer are stretched in an arbitrary shape in a direction that is perpendicular to the stacking direction; the vertical orientation of the stacked layers is also arbitrary; the magnetic layer has a generally uniform magnetization structure; and the pair of electrodes are provided on both ends of the multilayer film in the stretched direction, while having an alternating current or a high frequency current applied thereto.",https://jopss.jaea.go.jp/search/servlet/search?P53221,10-2023-7027254,10-2023-149810,10-2897137,2022/01/07,2022/09/01,2025/12/03,H01F 17/00(2006.01):H01F 21/00(2006.01),https://jopss.jaea.go.jp/pdfdata/P1/P53221A.pdf | https://jopss.jaea.go.jp/pdfdata/P1/P53221A.pdf | https://jopss.jaea.go.jp/pdfdata/P2/P53221B.pdf,5,ai
P53222,薄膜インダクタ素子及び薄膜可変インダクタ素子,家田 淳一; 山根 結太* ; 深見 俊輔*,"The purpose of the present invention is to provide a thin film inductor element which utilizes a novel emergent electromagnetic field that does not have much difficulty in selecting materials, while not having high temperature dependence. A thin film inductor element that is characterized by comprising a multilayer film, in which a magnetic layer and a non-magnetic layer or an antiferromagnetic layer are stacked, and a pair of electrodes, while being also characterized in that: the magnetic layer and the non-magnetic layer or the antiferromagnetic layer are stretched in an arbitrary shape in a direction that is perpendicular to the stacking direction; the vertical orientation of the stacked layers is also arbitrary; the magnetic layer has a generally uniform magnetization structure; and the pair of electrodes are provided on both ends of the multilayer film in the stretched direction, while having an alternating current or a high frequency current applied thereto.",https://jopss.jaea.go.jp/search/servlet/search?P53222,202280014817.7,WO2022/181069,,2022/01/07,2022/09/01,,H01F 17/00(2006.01):H01F 21/00(2006.01),https://jopss.jaea.go.jp/pdfdata/P1/P53222A.pdf,5,ai
P53220,THIN FILM INDUCTOR ELEMENT AND THIN FILM VARIABLE INDUCTOR ELEMENT,家田 淳一; 山根 結太* ; 深見 俊輔*,"The purpose of the present invention is to provide a thin film inductor element which utilizes a novel emergent electromagnetic field that does not have much difficulty in selecting materials, while not having high temperature dependence. A thin film inductor element that is characterized by comprising a multilayer film, in which a magnetic layer and a non-magnetic layer or an antiferromagnetic layer are stacked, and a pair of electrodes, while being also characterized in that: the magnetic layer and the non-magnetic layer or the antiferromagnetic layer are stretched in an arbitrary shape in a direction that is perpendicular to the stacking direction; the vertical orientation of the stacked layers is also arbitrary; the magnetic layer has a generally uniform magnetization structure; and the pair of electrodes are provided on both ends of the multilayer film in the stretched direction, while having an alternating current or a high frequency current applied thereto.",https://jopss.jaea.go.jp/search/servlet/search?P53220,18/546002,WO2022/181069,,2022/01/07,2022/09/01,,H01F 17/00(2006.01):H01F 21/00(2006.01),https://jopss.jaea.go.jp/pdfdata/P1/P53220A.pdf,5,ai
P52741,放射線分析方法、放射線検出器,冠城 雅晃; 島添 健次*,"The present invention carries out highly accurate assay of a sample, even under high-dose radiation, by analyzing an energy spectrum obtained by a radiation detector. In this radiation analysis method, first, the spectrum (actual spectrum) of a sample is measured by a radiation detector (sample measurement step: S1). In this step, two or more types of scintillators having different sizes are used and two or more types of shielding substances having different thicknesses are used to obtain an actual spectrum for each condition (setting condition). Next, measurement similar to that described above is carried out with respect to a reference radiation source (reference radiation source measurement step: S2). Next, a background nuclide-derived component, which is a component derived from a background nuclide (137Cs) in the actual spectrum, is inferred from the reference spectrum obtained in the reference radiation source measurement step (S2) (background nuclide-derived component inference step: S3). ・・・",https://jopss.jaea.go.jp/search/servlet/search?P52741,21877754.8,4227712,,2021/10/08,2022/04/14,,G01T 1/167(2006.01):G01T 1/20 (2006.01),https://jopss.jaea.go.jp/pdfdata/P1/P52741A.pdf,5,ai
P52742,放射線分析方法、放射線検出器,冠城 雅晃; 島添 健次*,"The present invention carries out highly accurate assay of a sample, even under high-dose radiation, by analyzing an energy spectrum obtained by a radiation detector. In this radiation analysis method, first, the spectrum (actual spectrum) of a sample is measured by a radiation detector (sample measurement step: S1). In this step, two or more types of scintillators having different sizes are used and two or more types of shielding substances having different thicknesses are used to obtain an actual spectrum for each condition (setting condition). Next, measurement similar to that described above is carried out with respect to a reference radiation source (reference radiation source measurement step: S2). Next, a background nuclide-derived component, which is a component derived from a background nuclide (137Cs) in the actual spectrum, is inferred from the reference spectrum obtained in the reference radiation source measurement step (S2) (background nuclide-derived component inference step: S3). ・・・",https://jopss.jaea.go.jp/search/servlet/search?P52742,21877754.8,4227712,,2021/10/08,2022/04/14,,G01T 1/167(2006.01):G01T 1/20 (2006.01),https://jopss.jaea.go.jp/pdfdata/P1/P52742A.pdf,5,ai
P52740,放射線分析方法、放射線分析装置、放射線検出器,冠城 雅晃; 島添 健次*,"The present invention carries out highly accurate assay of a sample, even under high-dose radiation, by analyzing an energy spectrum obtained by a radiation detector. In this radiation analysis method, first, the spectrum (actual spectrum) of a sample is measured by a radiation detector (sample measurement step: S1). In this step, two or more types of scintillators having different sizes are used and two or more types of shielding substances having different thicknesses are used to obtain an actual spectrum for each condition (setting condition). Next, measurement similar to that described above is carried out with respect to a reference radiation source (reference radiation source measurement step: S2). Next, a background nuclide-derived component, which is a component derived from a background nuclide (137Cs) in the actual spectrum, is inferred from the reference spectrum obtained in the reference radiation source measurement step (S2) (background nuclide-derived component inference step: S3). ・・・",https://jopss.jaea.go.jp/search/servlet/search?P52740,18/031002,US20230375732,12474492,2021/10/08,2022/04/14,2025/11/18,G01T 1/36(2006.01):G01T 1/20 (2006.01),https://jopss.jaea.go.jp/pdfdata/P1/P52740A.pdf | https://jopss.jaea.go.jp/pdfdata/P1/P52740A.pdf | https://jopss.jaea.go.jp/pdfdata/P2/P52740B.pdf,5,ai
P52723,真空部品、これを用いた真空排気方法,神谷 潤一郎; not registered,"Provided is a vacuum component capable of evacuation by a getting effect, which has a large maximum number of captured molecules and a long working life. It is provided, in an area around its central axis, with a hollow cylindrical electrode 20 having an electrode surface 20A that is sufficiently smaller than an inner surface 10A of the vacuum container 10, along the central axis. In the vacuum container 10, it is possible to realize any one of states among a first state of generating DC discharge by introducing Ar into the inside and setting the electrode surface 20A at a positive potential, a second state of setting the electrode surface 20A at a ground potential without introducing Ar, and a third state of generating DC discharge by introducing Ar into the inside and setting the electrode surface 20A at a negative potential. Evacuation by the vacuum component 1 is performed in the second state. ・・・",https://jopss.jaea.go.jp/search/servlet/search?P52723,17/387756,2022/0034327,11668309,2021/07/28,2022/02/03,2023/06/06,F04D 19/04 (2006.01):F04B 37/04 (2006.01):F04B 37/02 (2006.01):F04B 37/14 (2006.01),https://jopss.jaea.go.jp/pdfdata/P1/P52723A.pdf | https://jopss.jaea.go.jp/pdfdata/P1/P52723A.pdf | https://jopss.jaea.go.jp/pdfdata/P2/P52723B.pdf,5,ai
P52724,真空部品、これを用いた真空排気方法,神谷 潤一郎; not registered,"Provided is a vacuum component capable of evacuation by a getting effect, which has a large maximum number of captured molecules and a long working life. It is provided, in an area around its central axis, with a hollow cylindrical electrode 20 having an electrode surface 20A that is sufficiently smaller than an inner surface 10A of the vacuum container 10, along the central axis. In the vacuum container 10, it is possible to realize any one of states among a first state of generating DC discharge by introducing Ar into the inside and setting the electrode surface 20A at a positive potential, a second state of setting the electrode surface 20A at a ground potential without introducing Ar, and a third state of generating DC discharge by introducing Ar into the inside and setting the electrode surface 20A at a negative potential. Evacuation by the vacuum component 1 is performed in the second state. ・・・",https://jopss.jaea.go.jp/search/servlet/search?P52724,21188189.1,EP3945210,3945210,2021/07/28,2022/02/02,2023/09/06,F04B 37/04(2006.01):F04B 37/14(2006.01),https://jopss.jaea.go.jp/pdfdata/P1/P52724A.pdf,5,ai
P52722,アルミニウム合金材およびアルミニウム合金材の水素脆化防止剤,山口 正剛; 戸田 裕之* ; 清水 一行*,"An aluminum alloy material which has an aluminum alloy composition (1) described below. Aluminum alloy composition (1) contains 0.30% by mass or less of Si, more than 0.35% by mass of Fe, 0.20% by mass or less of Cu, from 0.20% by mass to 0.70% by mass of Mn, from 1.0% by mass to 2.0% by mass of Mg, 0.30% by mass or less of Cr, from 4.0% by mass to 5.0% by mass of Zn, 0.10% by mass or less of V, 0.25% by mass or less of Zr and 0.20% by mass or less of Ti, while additionally containing Al.",https://jopss.jaea.go.jp/search/servlet/search?P52722,3185880,WO2021/246267,,2021/05/27,2021/12/09,,C22C 21/10,https://jopss.jaea.go.jp/pdfdata/P1/P52722A.pdf,5,ai
P52364,液液抽出に基づく特定物質の製造装置,長縄 弘親 ; 永野 哲志; not registered,"This apparatus is provided with a container, a first liquid introduction unit for introducing a heavy liquid phase from above said container, a second liquid introduction unit for introducing a light liquid phase from below said container, a stirrig unit for mechanically stirring the vicinity of the interface between the light liquid phase and the heavy liquid phase while forming the light liquid phase in the upper part of said container and the heavy liquid phase in the lower part. And, specific substances are separated and purified in a heavy liquid phase and/or a light liquid phase, by growing the emulsion-mixed phase of two-liquid phases, and promoting simultaneously the phase separation of both phases.",https://jopss.jaea.go.jp/search/servlet/search?P52364,202044054398,202044054398A,423648,2020/12/14,2021/06/25,2023/03/01,B01D 11/04,,5,ai
P51847,METHOD AND APPARATUS FOR PRODUCING SPECIFIC SUBSTANCES BY EXTRACTION AND SEPARATION IN A LIQUID-LIQUID SYSTEM,長縄 弘親 ; 永野 哲志; not registered,"A new system in which a forward extraction part, a scrubbing part, and a backward extraction part operate together and synchronously to produce specific substances by extraction and separation in a liquid-liquid system. The aqueous phase is circulated independently only in the forward extraction part one or more times, and the organic phase is circulated from the forward extraction part through the scrubbing part and the backward extraction part to the forward extraction part again in synchronization with the liquid circulation of the aqueous phase.",https://jopss.jaea.go.jp/search/servlet/search?P51847,16/903622,2020/0398185,11571634,2020/06/17,2020/12/24,2023/02/07,B01D 11/04 (2006.01):C22B 59/00 (2006.01):C01F 17/17 (2020.01),https://jopss.jaea.go.jp/pdfdata/P1/P51847A.pdf | https://jopss.jaea.go.jp/pdfdata/P1/P51847A.pdf | https://jopss.jaea.go.jp/pdfdata/P2/P51847B.pdf,5,ai
P51841,炭酸基高含有炭酸アパタイト,関根 由莉奈 ; 南川 卓也 ; 香西 直文; not registered,"Une carbonate-apatite a teneur elevee en groupes carbonate est fournie, possedant un pouvoir d'adsorption de metaux lourds excellent. La carbonate-apatite ne contient pas moins de 15,6 % en poids de groupes carbonate, preferablement contient au moins l'un parmi le cuivre (Cu), le zinc (Zn), le strontium (Sr), le magnesium (Mg), le potassium (K), le fer (Fe), et le sodium (Na), et preferablement possede un rapport molaire Ca/P de pas moins de 1,5. Figure pour l'abrege : 9",https://jopss.jaea.go.jp/search/servlet/search?P51841,1915710,3091526,1915710,2019/12/30,2020/07/10,2024/01/05,C01B 25/32 (2019.12):B01J 20/04:B01J 20/28:B01D 15/04,https://jopss.jaea.go.jp/pdfdata/P1/P51841A.pdf | https://jopss.jaea.go.jp/pdfdata/P1/P51841A.pdf | https://jopss.jaea.go.jp/pdfdata/P2/P51841B.pdf,5,ai
P51843,PROCESS FOR PRODUCING CARBONATE APATITE,関根 由莉奈 ; 南川 卓也 ; 香西 直文; not registered,An efficient method of producing a carbonate apatite is provided. The method comprises: a first step of calcining animal bone; and a second step of reacting a bone calcined product obtained in the first step with a basic carbonate compound.,https://jopss.jaea.go.jp/search/servlet/search?P51843,16/732396,2020/0216318,11649166,2020/01/02,2020/07/09,2023/05/16,C01B 25/16 (2006.01),https://jopss.jaea.go.jp/pdfdata/P1/P51843A.pdf | https://jopss.jaea.go.jp/pdfdata/P1/P51843A.pdf | https://jopss.jaea.go.jp/pdfdata/P2/P51843B.pdf,5,ai
P51840,CARBONATE APATITE WITH HIGH CARBONATE CONTENT,関根 由莉奈 ; 南川 卓也 ; 香西 直文; not registered,"A carbonate apatite highly containing carbonate groups, having excellent heavy metal adsorption capacity is provided. The carbonate apatite contains not less than 15.6% by weight carbonate groups, preferably contains at least one of copper (Cu), zinc (Zn), strontium (Sr), magnesium (Mg), potassium (K), iron (Fe), and sodium (Na), and preferably has a Ca/P molar ratio of not less than 1.5.",https://jopss.jaea.go.jp/search/servlet/search?P51840,16/731234,2020/0215513,11577216,2019/12/31,2020/07/09,2023/02/14,B01J 20/04 (2006.01):C01B 25/16 (2006.01),https://jopss.jaea.go.jp/pdfdata/P1/P51840A.pdf,5,ai
P51482,PRODUCTION PROCESS OF FINE-GRAINED AUSTENITIC STAINLESS STEEL,広田 憲亮 ; 武内 伴照 ; 中野 寛子; 菊池 淳*,"A process of producing a fine-grained austenitic stainless steel, the process comprising a step of subjecting a fine-grained austenitic stainless steel comprising: C: 0.15 wt % or less, Si: 1.00 wt % or less, Mn: 2.0 wt % or less, Ni: 6.0 to 14.0 wt %, Cr: 16.0 to 22.0 wt %, and Mo: 3.0 wt % or less, with the balance being Fe and inevitable impurities, and having an average grain size of 10 μm or lower, to an annealing treatment at a temperature from 600° C. to 700° C. for 48 hours or longer.",https://jopss.jaea.go.jp/search/servlet/search?P51482,16/578755,2020/0102625,11597982,2019/09/23,2020/04/02,2023/03/07,C22C 38/02 (2006.01):C21D 9/46 (2006.01):C22C 38/44 (2006.01):C22C 38/04 (2006.01):C21D 6/00 (2006.01):C21D 8/02 (2006.01),https://jopss.jaea.go.jp/pdfdata/P1/P51482A.pdf | https://jopss.jaea.go.jp/pdfdata/P1/P51482A.pdf | https://jopss.jaea.go.jp/pdfdata/P2/P51482B.pdf,5,ai
P51483,PRODUCTION PROCESS OF FINE-GRAINED AUSTENITIC STAINLESS STEEL,広田 憲亮 ; 武内 伴照 ; 中野 寛子; 菊池 淳*,"A process of producing a fine-grained austenitic stainless steel, said process comprising a step of subjecting a fine-grained austenitic stainless steel comprising: C: 0.15 wt % or less, Si: 1.00 wt % or less, Mn: 2.0 wt % or less, Ni: 6.0 to 14.0 wt %, Cr: 16.0 to 22.0 wt %, and Mo: 3.0 wt % or less, with the balance being Fe and inevitable impurities, and having an average grain size of 10 μm or lower, to an annealing treatment at a temperature from 600° C. to 700° C. for 48 hours or longer.",https://jopss.jaea.go.jp/search/servlet/search?P51483,20195799,20195799,,2019/09/23,2020/03/29,,C22C (2006.01):C22C 38/40 (2006.01):C22C 38/22 (2006.01):C22C 38/02 (2006.01):C21D 6/00 (2006.01):C21D 9/46 (2006.01):C22C 38/58 (2006.01),https://jopss.jaea.go.jp/pdfdata/P1/P51483A.pdf,5,ai
P50583,METHOD FOR SYNTHESIZING TETRAALKYLNITRILOACETIC ACID DIACETAMIDE COMPOUND,下条 晃司郎 ; 長縄 弘親; not registered,"In synthesis of a compound represented by the General Formula (1) or a salt thereof, nitrilotriacetic acid as its raw material is reacted with a dehydrating agent to allow dehydration, and the resulting nitrilotriacetic acid anhydride is reacted with a dialkylamine to obtain a reaction intermediate product. The reaction intermediate product is then similarly reacted with a dehydrating agent to allow dehydration, and the resulting reaction intermediate anhydride is reacted with a dialkylamine to synthesize a tetraalkylnitriloacetic acid diacetamide compound. In Formula (1), R1, R2, R3 and R4 independently represent the same or different hydrocarbon group, with the proviso that the total number of carbon atoms in the hydrocarbon groups R1, R2, R3, and R4 is 8 to 64.",https://jopss.jaea.go.jp/search/servlet/search?P50583,16/131479,2019/0092718,10494329,2018/09/14,2019/03/28,2019/12/03,C07C 231/02(2006.01),https://jopss.jaea.go.jp/pdfdata/P1/P50583A.pdf | https://jopss.jaea.go.jp/pdfdata/P1/P50583A.pdf | https://jopss.jaea.go.jp/pdfdata/P2/P50583B.pdf,5,ai
P50580,RADIATION-SHIELDING MATERIAL,神谷 潤一郎; 小泉 欧児* ; 那須 昌吾*,"A radiation shielding material that is lighter and has lower installation restrictions than conventional methods, and that exhibits excellent shielding efficiency against radiation in the high energy region. The radiation shielding material comprises a complex containing a fibrous nanocarbon material, a primary radiation shielding particle, and a binder, wherein the fibrous nanocarbon material and the primary radiation shielding particle are dispersed in the binder.",https://jopss.jaea.go.jp/search/servlet/search?P50580,16/464119,2019/0333653,11587691,2018/08/09,2019/02/14,2023/02/21,G21F 1/10 (2006.01):G21F 1/02 (2006.01):G21F 1/08 (2006.01),https://jopss.jaea.go.jp/pdfdata/P1/P50580A.pdf | https://jopss.jaea.go.jp/pdfdata/P1/P50580A.pdf | https://jopss.jaea.go.jp/pdfdata/P2/P50580B.pdf,5,ai
P50581,RADIATION-SHIELDING MATERIAL,神谷 潤一郎; 小泉 欧児* ; 那須 昌吾*,"The present invention provides a radiation shielding material that is lighter and has lower installation restriction than conventional methods, and that exhibits excellent shielding efficiency against radiation in the high energy region. The radiation shielding material of the present invention comprises a complex containing a fibrous nanocarbon material, a primary radiation shielding particle, and a binder, wherein the fibrous nanocarbon material and the primary radiation shielding particle are dispersed in the binder.",https://jopss.jaea.go.jp/search/servlet/search?P50581,18843387.4,3667679,3667679,2018/08/09,2019/02/14,2025/02/19,G21F 1/02 (2006.01):G21F 1/10 (2006.01):G21F 7/00 (2006.01):G21F 1/04 (2006.01):G21F 1/08 (2006.01),https://jopss.jaea.go.jp/pdfdata/P1/P50581A.pdf,5,ai
P50203,"FUNCTIONAL MEMBRANE FOR ION BEAM TRANSMISSION, BEAM LINE DEVICE USING FUNCTIONAL MEMBRANE FOR ION BEAM TRANSMISSION, FILTER DEVICE USING FUNCTIONAL MEMBRANE FOR ION BEAM TRANSMISSION, AND METHOD FOR ADJUSTING FILTER DEVICE",藤田 奈津子; 松原 章浩*,"In order to provide a functional membrane for ion beam transmission whereby ion beam transmittance can be increased and improved emittance can be obtained, the functional membrane for ion beam transmission pertaining to the present invention has a channel and is used in a beam line device through which an ion beam advancing in one direction passes, and is characterized in that the channel axis is essentially parallel to the advancing direction of the ion beam.",https://jopss.jaea.go.jp/search/servlet/search?P50203,18771662.6,3605555,,2018/03/09,2018/09/27,,G21K 1/14 (2006.01):G01T 1/185(2006.01):G21K 1/00 (2006.01):H01J 37/18 (2006.01):H05H 5/06 (2006.01),https://jopss.jaea.go.jp/pdfdata/P1/P50203A.pdf,5,ai
P14045,OPTICAL DETECTION ELEMENT AND SOLID-STATE IMAGE PICKUP DEVICE,武内 伴照 ; 土谷 邦彦; 上柳 智裕* ; 渡辺 恭志*,A radiation tolerant optical detection element includes: a p-type base-body region; a gate insulating film provided on an upper surface of the base-body region; an n-type buried charge-generation region buried in an upper portion of the base-body region; an n-type charge-readout region buried in an upper portion of the base-body region on the inner-contour side of the buried charge-generation region; an n-type reset-drain region buried on the inner-contour side of the charge-readout region; a transparent electrode provided on the gate insulating film above the buried charge-generation region; and a reset-gate electrode provided on a portion of the gate insulating film between the charge-readout region and the reset-drain region.,https://jopss.jaea.go.jp/search/servlet/search?P14045,15/412154,2017/0133419,9923006,2015/07/23,2016/01/28,2018/03/20,H01L 27/148(2006.01):H01L 27/146(2006.01),https://jopss.jaea.go.jp/pdfdata/P1/P14045A.pdf | https://jopss.jaea.go.jp/pdfdata/P1/P14045A.pdf | https://jopss.jaea.go.jp/pdfdata/P2/P14045B.pdf,5,ai
P13964,NEUTRON DETECTOR,中村 龍也; 片桐 政樹* ; 筒井 紀彰* ; 坂上 敦*,"A neutron detector with a unique neutron detecting element is disclosed. The neutron detecting element has an inner cylindrical neutron scintillator where a neutron detection body including a ZnS phosphor, and a neutron converter material which contains 6Li or 10B is arranged outside of the cylindrical substrate; a scintillator fluorescence detection body made by placing coiled wavelength shift fibers where two wavelength shift fibers are wound in parallel along the cylindrical substrate on said inner cylindrical neutron scintillator; and an outer cylindrical neutron scintillator where a neutron detection body is arranged inside of the cylindrical substrate, the outer cylindrical neutron scintillator being arranged on the scintillator fluorescence detection body. The fluorescence signals converted into pulse signals by two optical detectors are led to a coincidence circuit, and when two fluorescence signals are measured simultaneously during the predetermined period of time, a neutron signal is output.",https://jopss.jaea.go.jp/search/servlet/search?P13964,14/502698,2015/0097122,9268045,2014/09/30,2015/04/09,2016/02/23,G01T 3/06 (2006.01),https://jopss.jaea.go.jp/pdfdata/P1/P13964A.pdf | https://jopss.jaea.go.jp/pdfdata/P1/P13964A.pdf | https://jopss.jaea.go.jp/pdfdata/P2/P13964B.pdf,5,ai
P13843,NEUTRON DETECTOR AND NEUTRON IMAGE DETECTOR WITH SCINTILLATOR,中村 龍也 ; 海老根 守澄 ; 美留町 厚 ; 大図 章 ; 片桐 政樹; 寄林 豊* ; 筒井 紀彰*,"A neutron detector without 3He gas, provided with a translucent type plate neutron scintillator having the structure capable to emit fluorescence from double-sides; the neutron scintillator is composed of ZnS fluorescent substance and a neutron converter which contains 6Li or 10B, and arranged at an angle of 45 degrees from the neutrons which are incident in parallel all together, inside of a cylindrical detector housing with the circular or square section where the specular reflector with the reflectance of 90% or more is arranged internally, and the fluorescence emitted when the neutron enters the scintillator is detected by two photo multipliers arranged on both sides, and signals output from these two photo multipliers are processed to be taken out as a neutron signal.",https://jopss.jaea.go.jp/search/servlet/search?P13843,13/943324,2014/0021359,8822943,2013/07/16,2014/01/23,2014/09/02,G01T 3/06 (2006.01),https://jopss.jaea.go.jp/pdfdata/P1/P13843A.pdf | https://jopss.jaea.go.jp/pdfdata/P1/P13843A.pdf | https://jopss.jaea.go.jp/pdfdata/P2/P13843B.pdf,5,ai
P13845,NEUTRON DETECTOR AND NEUTRON IMAGE DETECTOR WITH SCINTILLATOR PLATE,中村 龍也 ; 海老根 守澄 ; 美留町 厚 ; 大図 章 ; 片桐 政樹; 寄林 豊* ; 筒井 紀彰*,"A neutron detector without 3 He gas, provided with a translucent type plate neutron scintillator having the structure capable to emit fluorescence from double-sides; the neutron scintillator is composed of ZnS fluorescent substance and a neutron converter which contains 6 Li or 10 B, and arranged at an angle of 45 degrees from the neutrons which are incident in parallel all together, inside of a cylindrical detector housing with the circular or square section where the specular reflector with the reflectance of 90% or more is arranged internally, and the fluorescence emitted when the neutron enters the scintillator is detected by two photo multipliers arranged on both sides, and signals output from these two photo multipliers are processed to be taken out as a neutron signal.",https://jopss.jaea.go.jp/search/servlet/search?P13845,13176901.0,2687870,2687870,2013/07/17,2014/01/22,2020/09/02,G01T 3/06 (2006.01),https://jopss.jaea.go.jp/pdfdata/P1/P13845A.pdf | https://jopss.jaea.go.jp/pdfdata/P1/P13845A.pdf | https://jopss.jaea.go.jp/pdfdata/P2/P13845B.pdf,5,ai
P13844,Detecteur de neutrons et detecteur d'image de neutrons avec une plaque-scintillateur,中村 龍也 ; 海老根 守澄 ; 美留町 厚 ; 大図 章 ; 片桐 政樹; 寄林 豊* ; 筒井 紀彰*,"A neutron detector without 3 He gas, provided with a translucent type plate neutron scintillator having the structure capable to emit fluorescence from double-sides; the neutron scintillator is composed of ZnS fluorescent substance and a neutron converter which contains 6 Li or 10 B, and arranged at an angle of 45 degrees from the neutrons which are incident in parallel all together, inside of a cylindrical detector housing with the circular or square section where the specular reflector with the reflectance of 90% or more is arranged internally, and the fluorescence emitted when the neutron enters the scintillator is detected by two photo multipliers arranged on both sides, and signals output from these two photo multipliers are processed to be taken out as a neutron signal.",https://jopss.jaea.go.jp/search/servlet/search?P13844,13176901.0,2687870,2687870,2013/07/17,2014/01/22,2020/09/02,G01T 3/06 (2006.01),https://jopss.jaea.go.jp/pdfdata/P1/P13844A.pdf | https://jopss.jaea.go.jp/pdfdata/P1/P13844A.pdf | https://jopss.jaea.go.jp/pdfdata/P2/P13844B.pdf,5,ai
P13703,PROCEDE DE PRODUCTION DE METHYLIMINOBISDIALKYLACETAMIDE,佐々木 祐二; 折山 剛* ; 大橋 朗*,"L'invention concerne un procede permettant de produire en toute securite et de maniere efficace des methylimino-N,N-dialkylacetamides. Les methyliminio-N,N-dialkylacetamides peuvent être utilises comme substance d'extraction pour extraire le Pd, le Tc, le Mo et le Pu contenus dans un dechet liquide hautement radioactif. L'invention concerne egalement un methyliminio-N,N-dialkylacetamide represente par la formule generale (I) : CH - N - (CH CON (R) ) ....(I) (dans laquelle, R est un groupe alkyle contenant de 2 a 12 carbones), qui est obtenu par le melange de l'acide methyliminodiacetique et du methylimidazole dans du dichloromethane anhydre, l'ajout de chlorure de p-toluenesulfonyle pour obtenir, comme intermediaire, un compose d'imidazole ayant reagi avec l'acide methyliminodiacetique et l'ajout d'une amine secondaire a cet intermediaire.",https://jopss.jaea.go.jp/search/servlet/search?P13703,1250176,2970251,2970251,2012/01/06,2012/07/13,2013/02/08,C07C 231/02:C07C 233/05:C07C 237/06,https://jopss.jaea.go.jp/pdfdata/P1/P13703A.pdf | https://jopss.jaea.go.jp/pdfdata/P1/P13703A.pdf | https://jopss.jaea.go.jp/pdfdata/P2/P13703B.pdf,5,ai
P13577,NEUTRON IMAGE DETECTIING METHOD AND NEUTRON IMAGE DETECTOR USING ITS METHOD,中村 龍也 ; 片桐 政樹 ; 海老根 守澄 ; 美留町 厚; 寄林 豊*,"A neutron image detection method is disclosed, which collects a fluorescent light generated by a neutron incident at a designated position interval in one-dimensional geometry and determines an incident position of the neutron by detecting the collected fluorescent light, in which the fluorescent light is detected by a photon counting method; a pulse signal generated by an individual output photon is extracted on the basis of a clock signal generated with the same time interval as the time width of the pulse signal generated by a signal photon; a count-value distribution is obtained in terms of incident position as variable determined by a signal neutron incident by counting the pulse signal output; and a neutron incident position is determined by a calculating a median point on the basis of the obtained count-value distribution.",https://jopss.jaea.go.jp/search/servlet/search?P13577,13/035248,2011/0284750,8253107,2011/02/25,2011/11/24,2012/08/28,G01T 1/10 (2006.01),https://jopss.jaea.go.jp/pdfdata/P1/P13577A.pdf | https://jopss.jaea.go.jp/pdfdata/P1/P13577A.pdf | https://jopss.jaea.go.jp/pdfdata/P2/P13577B.pdf,5,ai
P13578,NEUTRON IMAGE DETECTING METHOD AND NEUTRON IMAGE DETECTOR USING ITS METHOD,中村 龍也 ; 片桐 政樹 ; 海老根 守澄 ; 美留町 厚; 寄林 豊*,"A neutron image detection method is disclosed, which collects a fluorescent light generated by a neutron incident at a designated position interval in one-dimensional geometry and determines an incident position of the neutron by detecting the collected fluorescent light, in which the fluorescent light is detected by a photon counting method; a pulse signal generated by an individual output photon is extracted on the basis of a clock signal generated with the same time interval as the time width of the pulse signal generated by a single photon; a count-value distribution is obtained in terms of incident position as variable determined by a single neutron incident by counting the pulse signal output; and a neutron incident position is determined by calculating a median point on the basis of the obtained count-value distribution.",https://jopss.jaea.go.jp/search/servlet/search?P13578,11001589.8,2386879,2386879,2011/02/25,2011/11/16,2021/05/05,G01T 3/06 (2006.01),https://jopss.jaea.go.jp/pdfdata/P1/P13578A.pdf | https://jopss.jaea.go.jp/pdfdata/P1/P13578A.pdf | https://jopss.jaea.go.jp/pdfdata/P2/P13578B.pdf,5,ai
P13579,NEUTRON IMAGE DETECTING METHOD AND NEUTRON IMAGE DETECTOR USING ITS METHOD,中村 龍也 ; 片桐 政樹 ; 海老根 守澄 ; 美留町 厚; 寄林 豊*,"A neutron image detection method is disclosed, which collects a fluorescent light generated by a neutron incident at a designated position interval in one-dimensional geometry and determines an incident position of the neutron by detecting the collected fluorescent light, in which the fluorescent light is detected by a photon counting method; a pulse signal generated by an individual output photon is extracted on the basis of a clock signal generated with the same time interval as the time width of the pulse signal generated by a single photon; a count-value distribution is obtained in terms of incident position as variable determined by a single neutron incident by counting the pulse signal output; and a neutron incident position is determined by calculating a median point on the basis of the obtained count-value distribution.",https://jopss.jaea.go.jp/search/servlet/search?P13579,11001589.8,2386879,2386879,2011/02/25,2011/11/16,2021/05/05,G01T 3/06 (2006.01),https://jopss.jaea.go.jp/pdfdata/P1/P13579A.pdf | https://jopss.jaea.go.jp/pdfdata/P1/P13579A.pdf | https://jopss.jaea.go.jp/pdfdata/P2/P13579B.pdf,5,ai
P13090,Vient Flamingo,長谷 純宏 ; 田中 淳; 飯塚 正英* ; 木村 康夫* ; 関口 政行*,"A new and distinct cultivar of Osteospermum plant named `Vient Flamingo`,characterized by its compact, semi-upright, outwardly spreading andmounded plant habit; freely branching growth habit; freely floweringhabit; large daisy-type inflorescences with yellow-colored ray floretswith red purple-colored venation; and good garden performance.",https://jopss.jaea.go.jp/search/servlet/search?P13090,12/152677,,PP20332,2008/05/14,,2009/09/22,,,5,ai
P50585,METHOD FOR SYNTHESIZING TETRAALKYLNITRILOACETIC ACID DIACETAMIDE COMPOUND,下条 晃司郎 ; 長縄 弘親; not registered,"In synthesis of a compound represented by the General Formula (1) or a salt thereof, nitrilotriacetic acid as its raw material is reacted with a dehydrating agent to allow dehydration, and the resulting nitrilotriacetic acid anhydride is reacted with a dialkylamine to obtain a reaction intermediate product. The reaction intermediate product is then similarly reacted with a dehydrating agent to allow dehydration, and the resulting reaction intermediate anhydride is reacted with a dialkylamine to synthesize a tetraalkylnitriloacetic acid diacetamide compound.",https://jopss.jaea.go.jp/search/servlet/search?P50585,2018/005628,,1026010,2018/09/13,,2019/09/12,C07C 231/02:C07C 237/06,https://jopss.jaea.go.jp/pdfdata/P1/P50585A.pdf | https://jopss.jaea.go.jp/pdfdata/P1/P50585A.pdf | https://jopss.jaea.go.jp/pdfdata/P2/P50585B.pdf,5,ai
P53264,観測点決定装置及び観測点決定方法,町田 昌彦; not registered,【課題】観測点数を極力少なくしながら観測対象を確実に観測できるよう観測点の最適化を図る。 【解決手段】観測点決定装置1は、対象区域の構造物の表面を分割して複数の格子面を作成する格子面作成部13と、対象区域内の空間を分割して複数の空間格子点を作成する空間格子点作成部16と、を備える。観測点決定装置1は、観測点における観測結果から観測対象を推定する逆推定が成功する観測点の最少点数を、観測対象の数と格子面の数とに基づいて決定する最少点数決定部15を備える。観測点決定装置1は、各格子面の任意の点と空間格子点とを結ぶ直線が当該空間格子点に直接到達するか否かを、空間格子点毎に判定する直達判定部17と、観測点の最少点数と直達判定部17の判定結果とに基づいて観測点を決定する観測点決定部19と、を備える。,https://jopss.jaea.go.jp/search/servlet/search?P53264,2022-083280,2023-171063,7605492,2022/05/20,2023/12/01,2024/12/16,G01T 1/16(2006.01):G01T 1/167(2006.01):G21C 17/00(2006.01):G21C 17/013(2006.01),https://jopss.jaea.go.jp/pdfdata/P1/P53264A.pdf | https://jopss.jaea.go.jp/pdfdata/P1/P53264A.pdf | https://jopss.jaea.go.jp/pdfdata/P2/P53264B.pdf,4,"推定, 最適化"
P51880,核物質検知装置、核物質検知方法、試料分析方法,米田 政夫 ; 藤 暢輔; not registered,【課題】一次中性子成分と、これによって試料から発生する二次中性子成分が共に検出される場合に、適切に二次中性子成分を認識して試料の分析を行う。 【解決手段】中性子検出器20は、中性子1個を吸収する度にパルス出力をする。解析装置30は、中性子検出器20における中性子の検出タイミングの時間差を算出する時間差算出部31と、この時間差のデータから上記の認識を行う解析部32を具備する。時間差算出部31は、中性子検出器20が中性子を検出した度に、この検出タイミングよりも前に中性子を検出した検出タイミングとの時間差ΔTを算出し、解析部32はこの値を認識し、認識されたΔTの全てを記憶し、測定の終了後にそのヒストグラムを生成する。ΔTのヒストグラムから試料Sにおける核物質の検知、その含有量を推定することができる。,https://jopss.jaea.go.jp/search/servlet/search?P51880,2020-006793,2021-113751,7281816,2020/01/20,2021/08/05,2023/05/18,G21C 17/00 (2006.01):G21C 17/06 (2006.01),https://jopss.jaea.go.jp/pdfdata/P1/P51880A.pdf | https://jopss.jaea.go.jp/pdfdata/P1/P51880A.pdf | https://jopss.jaea.go.jp/pdfdata/P2/P51880B.pdf,4,"推定, 認識"
P50720,組成分析方法及び組成分析装置、硬度算出方法及び硬度算出装置,阿部 雄太 ; 中桐 俊男; 川上 智彦*,【課題】金属を主成分とする材料中のO、Bの組成や材料の硬度を非接触で精密に算出できる。 【解決手段】図5の関係より、上記の方法で算出された(B/O)/M値のみからビッカース硬度を推定することは一般的には困難である。しかしながら、試料が図5におけるZを挟んだどちらの領域にあるかを判定することができれば、(B/O)/M値からビッカース硬度を推定することができる。前記の通り、図5におけるZよりも左側の領域はOの組成比が大きい場合であり、Zよりも右側の領域はBの組成比が大きな場合に対応する。このため、前記のO/M値、B/M値に応じてこの試料がどちらの領域に属するかを認識することができる。結局、(B/O)/M値から前記の一次式を用いてビッカース硬度を算出することができる。,https://jopss.jaea.go.jp/search/servlet/search?P50720,2018-199316,2020-067337,7116420,2018/10/23,2020/04/30,2022/08/02,G01N 21/71 (2006.01):G01N 3/42 (2006.01),https://jopss.jaea.go.jp/pdfdata/P1/P50720A.pdf | https://jopss.jaea.go.jp/pdfdata/P1/P50720A.pdf | https://jopss.jaea.go.jp/pdfdata/P2/P50720B.pdf,4,"推定, 認識"
P50880,放射線分布の3次元表示方法及び装置,鳥居 建男 ; 佐藤 優樹; 小澤 慎吾* ; 菅原 洋*,【課題】地表の広い範囲における放射性物質の位置を高精度で検出して3次元表示可能とする。 【解決手段】3次元位置を検出可能な移動体(ドローン10)に搭載された放射線検出器(コンプトンカメラ20)を用いて放射線を測定し、前記移動体(10)の移動に伴って得られる複数位置での前記放射線検出器(20)による測定結果と前記移動体(10)の3次元位置情報とを用いることによって、放射線分布の3次元マップを作成し、該放射線分布の3次元マップを、3次元の地形データ又は航空写真と重ね合せて表示する際に、放射線検出器(20)による放射線測定値を、地表(6)面の単位面積毎の測定にかかった時間に応じて時間補正する。更に、放射線検出器(20)と地表(6)面の距離に応じて距離補正したり、放射線検出器(20)に対する放射線の入射角度に応じて角度補正したりすることもできる。,https://jopss.jaea.go.jp/search/servlet/search?P50880,2018-173023,2020-046231,7165348,2018/09/14,2020/03/26,2022/10/26,G01T 1/16 (2006.01),https://jopss.jaea.go.jp/pdfdata/P1/P50880A.pdf | https://jopss.jaea.go.jp/pdfdata/P1/P50880A.pdf | https://jopss.jaea.go.jp/pdfdata/P2/P50880B.pdf,4,"カメラ, ドローン"
P14098,光無線通信システム、該システム用光受信装置および光無線通信方法,大塚 紀彰 ; 武内 伴照; 柴垣 太郎* ; 野沢 省吾* ; 八束 純司*,【課題】情報を2次元コードに対応した発光パターンで表示可能な表示面をそれぞれ有する複数の送信装置と、複数の送信装置の表示面を撮影するカメラおよびその映像から発光パターンを抽出する抽出部を有する受信装置と、を備える光無線通信システムにおいて、通信状態が変化した場合にでも、複数の送信装置から送信される2次元コードを確実且つ効率よく取得できるようにする。 【解決手段】カメラの画面に対し、送信装置毎にその表示面が含まれる必要十分な領域を設定する。そして、表示面の作動のタイミング、期間および周期に対応して、その設定された領域に対し300F/Sの高速度の画像取り込み処理を実行して光パターンを抽出し、情報復元手段に転送するための画像取り込み処理を行う。,https://jopss.jaea.go.jp/search/servlet/search?P14098,2017-057879,2018-160840,6829439,2017/03/23,2018/10/11,2021/01/26,H04B 10/116(2013.01):H04B 10/516(2013.01):H04B 10/69 (2013.01):H04L 7/00 (2006.01),https://jopss.jaea.go.jp/pdfdata/P1/P14098A.pdf | https://jopss.jaea.go.jp/pdfdata/P1/P14098A.pdf | https://jopss.jaea.go.jp/pdfdata/P2/P14098B.pdf,4,"カメラ, 画像"
P13947,レーザー光を用いた溶断・破砕適応制御装置,村松 壽晴 ; 山田 知典 ; 羽成 敏秀 ; 武部 俊彦 ; 松永 幸大; 酒井 英明* ; 碓井 秀三* ; 中田 正宏* ; 坪井 昭彦* ; 社本 英泰*,【課題】異なる材料が混在して、無定形で不規則な外形を有する処理対象物を、その材料に対応して溶断あるいは破砕できるレーザー光を用いた溶断・破砕適応制御装置を提供する。 【解決手段】レーザー加工ヘッド6を搭載したロボット1、対象物19の状態を検出する検出部3、検出情報に基づいてロボット1を制御する制御部2を備え、検出部3は対象物19からのレーザー光8の反射光25を受光し、反射光25に基づいて対象物19の形状を認識するレーザースキャナ12、反射光25に基づいて対象物19の材質を検出する分光計1と、反射光25に基づいて対象物19の溶断の有無を検出する温度計13を有し、制御部2は検出部3からの情報に基づいて、ロボットをするロボット制御部と、レーザー光8を制御するレーザー光制御部9を有している。,https://jopss.jaea.go.jp/search/servlet/search?P13947,2014-016086,2015-139820,6265417,2014/01/30,2015/08/03,2018/01/05,B23K 26/38 (2014.01):B23K 26/00 (2014.01):B23K 26/03 (2006.01):B23K 26/08 (2014.01):B23K 26/044(2014.01):B23K 26/142(2014.01):B23K 26/16 (2006.01):G21F 9/30 (2006.01),https://jopss.jaea.go.jp/pdfdata/P1/P13947A.pdf | https://jopss.jaea.go.jp/pdfdata/P1/P13947A.pdf | https://jopss.jaea.go.jp/pdfdata/P2/P13947B.pdf,4,"ロボット, 認識"
P13787,垂直面線量率マップ作成装置,三村 竜二 ; 川妻 伸二 ; 岡田 尚; 斉藤 義彦*,【課題】立木や建物の側壁など、垂直面におけるγ線の線量率マップを精確に作成するための装置を提供すること。 【解決手段】伸縮可能なロッドの先端にガイガーミューラ管を取り付け、高所におけるγ線の線量率を測定すると共に、その位置を把握するために、そのGM管と実質的に同位置のロッド上に赤外線発光部を設け、かつロッドの位置から離れた個所に赤外線カメラと可視光カメラを設置して、両者のカメラで撮像された映像を画像処理することで、赤外線発光部の位置とその位置での線量率を、可視光カメラで捉えた測定対象物上に重ねて表示するようにしている。この操作を順次位置を変えながら繰り返すことにより、例えば、建物側壁面などの線量率の分布を建物側壁の可視光写真上に表示する。,https://jopss.jaea.go.jp/search/servlet/search?P13787,2012-114349,2013-242181,6004393,2012/05/18,2013/12/05,2016/09/16,G01T 1/16 (2006.01):G01T 1/167(2006.01),https://jopss.jaea.go.jp/pdfdata/P1/P13787A.pdf | https://jopss.jaea.go.jp/pdfdata/P1/P13787A.pdf | https://jopss.jaea.go.jp/pdfdata/P2/P13787B.pdf,4,"カメラ, 画像"
