bucket,category,patent_id,title,reason,application_date,publication_date,detail_url,pdf_links
pure_ai_ml,Physical AI / neural control,P53940,海洋ロボットの制御装置、海洋ロボット、海洋ロボットの制御方法、および海洋ロボットの制御プログラム,ニューラルネットワーク制御部を明示。海洋ロボットの位置保持を対象にした自律制御アルゴリズム。,2023/10/17,2025/04/30,https://jopss.jaea.go.jp/search/servlet/search?P53940,https://jopss.jaea.go.jp/pdfdata/P1/P53940A.pdf
pure_ai_ml,Machine learning / decision tree,P53400,化合物同定方法及び化合物同定装置,標準試料から因子スコアを学習し、決定木で未知試料を分類・同定する。,2022/03/31,2023/10/13,https://jopss.jaea.go.jp/search/servlet/search?P53400,https://jopss.jaea.go.jp/pdfdata/P1/P53400A.pdf | https://jopss.jaea.go.jp/pdfdata/P2/P53400B.pdf
pure_ai_ml,Pattern recognition / feature-based classification,P54481,放射線検出装置、放射線検出方法、放射性微粒子検出装置,検出パターン認識と特徴量抽出により、α線・β線・γ線を識別する。,2024/10/09,2026/04/21,https://jopss.jaea.go.jp/search/servlet/search?P54481,https://jopss.jaea.go.jp/pdfdata/P1/P54481A.pdf
peripheral_algorithms,Computer vision / AR mapping,P53320,情報処理方法、情報処理装置、及び、情報処理システム,複数静止画から三次元モデルを生成し、現実空間と仮想空間の重畳表示を行う。,2022/03/02,2023/09/14,https://jopss.jaea.go.jp/search/servlet/search?P53320,https://jopss.jaea.go.jp/pdfdata/P1/P53320A.pdf | https://jopss.jaea.go.jp/pdfdata/P2/P53320B.pdf
peripheral_algorithms,Image processing / visual mapping,P13787,垂直面線量率マップ作成装置,赤外線カメラと可視光カメラの画像処理で線量率マップを作成する。,2012/05/18,2013/12/05,https://jopss.jaea.go.jp/search/servlet/search?P13787,https://jopss.jaea.go.jp/pdfdata/P1/P13787A.pdf | https://jopss.jaea.go.jp/pdfdata/P2/P13787B.pdf
peripheral_algorithms,Inference / sparse estimation,P53229,線源推定装置及び線源推定方法,少数観測からスパースベクトル復元により線源分布を推定する。,2022/05/20,2023/12/01,https://jopss.jaea.go.jp/search/servlet/search?P53229,https://jopss.jaea.go.jp/pdfdata/P1/P53229A.pdf | https://jopss.jaea.go.jp/pdfdata/P2/P53229B.pdf
peripheral_algorithms,Optimization / observation planning,P53264,観測点決定装置及び観測点決定方法,逆推定が成功する最少観測点数を求め、観測点配置を最適化する。,2022/05/20,2023/12/01,https://jopss.jaea.go.jp/search/servlet/search?P53264,https://jopss.jaea.go.jp/pdfdata/P1/P53264A.pdf | https://jopss.jaea.go.jp/pdfdata/P2/P53264B.pdf
peripheral_algorithms,Inference / model-based estimation,P14040,デブリの堆積量推定装置及び推定方法,遮蔽解析結果と実測中性子束を比較してデブリ堆積量を推定する。,2015/08/31,2017/03/09,https://jopss.jaea.go.jp/search/servlet/search?P14040,https://jopss.jaea.go.jp/pdfdata/P1/P14040A.pdf | https://jopss.jaea.go.jp/pdfdata/P2/P14040B.pdf
peripheral_algorithms,Inverse analysis / probabilistic modeling,P13534,内部状態解析方法およびプログラム並びに内部状態解析装置,ミュー粒子の散乱角をガウス分布で扱い、構造物内部状態を解析する。,2010/07/23,2011/06/23,https://jopss.jaea.go.jp/search/servlet/search?P13534,https://jopss.jaea.go.jp/pdfdata/P1/P13534A.pdf | https://jopss.jaea.go.jp/pdfdata/P2/P13534B.pdf
